{
	"debug":
	{
		"enabled": false,
		
		"min_hub_pages": 6,
		"hub_page_step": 5,
		"max_cves_per_hub_page": 5,
		"use_random_sampling": true,

		"verify_different_unit_names": true,
		"different_unit_names_ratio_limit": 90
	},

	"recursion_limit": null,

	"allowed_projects":
	{
		"glibc": true,
		"apache": true,
		"xen": true,
		"kernel": true,
		"mozilla": true,
		"mongodb": true,
		"mysql": true,
		"postgresql": true,
		"elastic": true,
		"redis": true,
		"apache_cassandra": true,
		"sqlite": true,
		"neo4j": true,
		"django": true
	},
	
	"output_directory_path": "/media/sda1/Projeto_Vulnerabilidades/VulnerabilidadesWork/output/",
	"output_directory_diff_path": "/media/sda1/Projeto_Vulnerabilidades/VulnerabilidadesWork/output/diff_between_files",
	"start_at_cve_hub_page": null,
	"scrape_all_branches": false,

	"affected_files_csv_write_frequency": 10,
	"neutral_after_author_date": "<YYYY-MM-DD>",
	"neutral_before_author_date": "<YYYY-MM-DD>",

	"start_at_timeline_index": null,

	"start_at_checkout_commit_index": null,
	"checkout_commit_index_list": null,

	"clang_lib_path": "/usr/lib/x86_64-linux-gnu/libclang-10.so.1",

	"dataset_path": "<Replace with path>",

	"extra_time_tables_to_import": ["files", "functions", "class"],

	"data_repository_path": "<Replace with path>",

	"allowed_code_units":
	{
		"file": true,
		"function": true,
		"class": true
	},

	"allowed_sats":
	{
		"Cppcheck": true,
		"Flawfinder": true
	},

	"dataset_neutral_sample_removal_ratio": 0.83,
	"dataset_vulnerable_label_threshold": 0.10,
	"dataset_filter_samples_ineligible_for_alerts": true,
	"dataset_filter_commits_without_alerts": true,

	"account_username": "<Username>",
	"account_password": "<Password>",

	"propheticus":
	{
		"max_thread_count": 6,
		"labels": ["binary_label", "grouped_multiclass_label"],

		"seed_count": 5,
		"data_split": {"n_splits": 5},

		"dimensionality_reduction": [["variance"], ["variance", "correlation"]],
		"data_balancing": [[], ["RandomUnderSampler"], ["RandomOverSampler"], ["RandomUnderSampler", "RandomOverSampler"]],
		
		"classification_algorithms":
		{
			"random_forests":
			[
				null,
				{
					"n_estimators": [100, 200],
					"criterion": ["gini"],
					"min_samples_split": [0.001, 2],
					"min_samples_leaf": [0.001, 1],
					"max_features": [null],
					"bootstrap": [true]
				}
			],
			
			"bagging":
			[
				null,
				{
					"n_estimators": [100, 200],
					"max_features": [0.1, 0.55, 1.0],
					"bootstrap": [true]
				}
			],
			
			"xgboost":
			[
				null,
				{
					"n_estimators": [100, 300],
					"learning_rate": [0.1, 0.3],
					"gamma": [0],
					"subsample": [1],
					"max_depth": [10, 30],
					"min_samples_split": [2, 5],
					"min_samples_leaf": [1, 4]
				}
			]
		}
	},

	"temporal_window":
	{
		"num_runs": 30,
		"data_split": {"begin_test_year": 2013, "window_size": [5, 10, null], "variable_window_test_ratio": 0.2},

		"default_algorithm_parameters":
		{
			"random_forests": {"n_jobs": -1},
			"bagging": {"n_jobs": -1},
			"xgboost": {"n_jobs": -1, "use_label_encoder": true}
		},

		"configurations":
		[
			{
				"name": "Best Precision (Binary)", "target_label": "binary_label",
				"dimensionality_reduction": ["variance"], "data_balancing": [],
				"classification_algorithm": "random_forests", "algorithm_parameters": {"bootstrap": true, "criterion": "gini", "max_features": null, "min_samples_leaf": 1, "min_samples_split": 0.001, "n_estimators": 200}
			},
			
			{
				"name": "Best Recall (Binary) - Default", "target_label": "binary_label",
				"dimensionality_reduction": ["variance"], "data_balancing": ["RandomUnderSampler"], 
				"classification_algorithm": "random_forests", "algorithm_parameters": {"bootstrap": true, "criterion": "gini", "max_features": "auto", "min_samples_leaf": 1, "min_samples_split": 2, "n_estimators": 100}
			},

			{
				"name": "Best F-Score (Binary)", "target_label": "binary_label",
				"dimensionality_reduction": ["variance"], "data_balancing": ["RandomOverSampler"], 
				"classification_algorithm": "random_forests", "algorithm_parameters": {"bootstrap": true, "criterion": "gini", "max_features": null, "min_samples_leaf": 1, "min_samples_split": 2, "n_estimators": 100}
			},

			{
				"name": "Best Precision (Multiclass)", "target_label": "grouped_multiclass_label",
				"dimensionality_reduction": ["variance"], "data_balancing": [],
				"classification_algorithm": "xgboost", "algorithm_parameters": {"gamma": 0, "learning_rate": 0.1, "max_depth": 10, "min_samples_leaf": 4, "min_samples_split": 5, "n_estimators": 100, "subsample": 1}
			},
			
			{
				"name": "Best Recall (Multiclass) - Default", "target_label": "grouped_multiclass_label",
				"dimensionality_reduction": ["variance"], "data_balancing": ["RandomUnderSampler"], 
				"classification_algorithm": "random_forests", "algorithm_parameters": {"bootstrap": true, "criterion": "gini", "max_features": "auto", "min_samples_leaf": 1, "min_samples_split": 2, "n_estimators": 100}
			},

			{
				"name": "Best F-Score (Multiclass)", "target_label": "grouped_multiclass_label",
				"dimensionality_reduction": ["variance"], "data_balancing": ["RandomOverSampler"], 
				"classification_algorithm": "xgboost", "algorithm_parameters": {"gamma": 0, "learning_rate": 0.3, "max_depth": 30, "min_samples_leaf": 4, "min_samples_split": 5, "n_estimators": 300, "subsample": 1}
			}
		]
	},

	"projects":
	{
		"Glibc":
		{
			"repository_path": "/media/sda1/Projeto_Vulnerabilidades/Repositorios/glibc/"
		},

		"Apache HTTP Server":
		{
			"repository_path": "/media/sda1/Projeto_Vulnerabilidades/Repositorios/httpd/"
		},

		"Xen":
		{
			"repository_path": "/media/sda1/Projeto_Vulnerabilidades/Repositorios/xen/"
		},

		"Linux Kernel":
		{
			"repository_path": "/media/sda1/Projeto_Vulnerabilidades/Repositorios/linux/"
		},

		"Mozilla":
		{
			"repository_path": "/media/sda1/Projeto_Vulnerabilidades/Repositorios/gecko-dev/"
		},

		"MongoDB":
		{
			"repository_path": "/media/sda1/Projeto_Vulnerabilidades/Repositorios/mongo/"
		},

		"MySQL":
		{
			"repository_path": "/media/sda1/Projeto_Vulnerabilidades/Repositorios/mysql-server/"
		},

		"PostgreSQL":
		{
			"repository_path": "/media/sda1/Projeto_Vulnerabilidades/Repositorios/postgres/"
		},

		"Elastic":
		{
			"repository_path": "/media/sda1/Projeto_Vulnerabilidades/Repositorios/elasticsearch/"
		},

		"Redis":
		{
			"repository_path": "/media/sda1/Projeto_Vulnerabilidades/Repositorios/redis/"
		},

		"Apache Cassandra":
		{
			"repository_path": "/media/sda1/Projeto_Vulnerabilidades/Repositorios/cassandra/"
		},

		"SQLite":
		{
			"repository_path": "/media/sda1/Projeto_Vulnerabilidades/Repositorios/sqlite/"
		},

		"Neo4j":
		{
			"repository_path": "/media/sda1/Projeto_Vulnerabilidades/Repositorios/neo4j/"
		},

		"Djangoproject":
		{
			"repository_path": "/media/sda1/Projeto_Vulnerabilidades/Repositorios/django/"
		}
	},

	"sats":
	{
		"Understand":
		{
			"executable_path": "/media/sda1/scitools/bin/linux64/und"
		},

		"Cppcheck":
		{
			"executable_path": "<Replace with path>"
		},

		"Flawfinder":
		{
			"executable_path": "<Replace with path>"
		}
	},

	"database":
	{
		"host": "127.0.0.1",
		"port": "3306",
		"user": "root",
		"password": "kubernetes",
		"database": "sw_vulnerability_db"
	}
}
